[{"pk": 1, "fields": {"app_label": "admin", "model": "logentry", "name": "log entry"}, "model": "contenttypes.contenttype"}, {"pk": 2, "fields": {"app_label": "auth", "model": "permission", "name": "permission"}, "model": "contenttypes.contenttype"}, {"pk": 3, "fields": {"app_label": "auth", "model": "group", "name": "group"}, "model": "contenttypes.contenttype"}, {"pk": 4, "fields": {"app_label": "auth", "model": "user", "name": "user"}, "model": "contenttypes.contenttype"}, {"pk": 5, "fields": {"app_label": "contenttypes", "model": "contenttype", "name": "content type"}, "model": "contenttypes.contenttype"}, {"pk": 6, "fields": {"app_label": "sessions", "model": "session", "name": "session"}, "model": "contenttypes.contenttype"}, {"pk": 7, "fields": {"app_label": "main", "model": "subjectarea", "name": "subject area"}, "model": "contenttypes.contenttype"}, {"pk": 8, "fields": {"app_label": "main", "model": "course", "name": "course"}, "model": "contenttypes.contenttype"}, {"pk": 9, "fields": {"app_label": "main", "model": "module", "name": "module"}, "model": "contenttypes.contenttype"}, {"pk": 10, "fields": {"app_label": "main", "model": "assessment", "name": "assessment"}, "model": "contenttypes.contenttype"}, {"pk": 11, "fields": {"app_label": "main", "model": "student", "name": "student"}, "model": "contenttypes.contenttype"}, {"pk": 12, "fields": {"app_label": "main", "model": "performance", "name": "performance"}, "model": "contenttypes.contenttype"}, {"pk": 13, "fields": {"app_label": "main", "model": "assessmentresult", "name": "assessment result"}, "model": "contenttypes.contenttype"}, {"pk": 14, "fields": {"app_label": "main", "model": "settings", "name": "settings"}, "model": "contenttypes.contenttype"}, {"pk": 1, "fields": {"name": "current_year", "value": "2013"}, "model": "main.settings"}, {"pk": 1, "fields": {"name": "Cartoon Studies"}, "model": "main.subjectarea"}, {"pk": 2, "fields": {"name": "Evil Plotting"}, "model": "main.subjectarea"}, {"pk": 1, "fields": {"subject_areas": [1], "short_title": "Cartoon Studies", "title": "BA in Cartoon Studies"}, "model": "main.course"}, {"pk": 2, "fields": {"subject_areas": [1, 2], "short_title": "Cartoon Studies / Evil Plotting", "title": "BA in Cartoon Studies with Evil Plotting"}, "model": "main.course"}, {"pk": 1, "fields": {"foundational": false, "eligible": "1", "sessions_recorded": null, "first_session": 5, "year": 2013, "nalp": false, "code": "hp23", "title": "Hunting Practice", "subject_areas": [1], "credits": 20, "no_teaching_in": "9", "last_session": 15}, "model": "main.module"}, {"pk": 1, "fields": {"max_word_count": null, "title": "Practical Hunting Exercise", "module": 1, "submission_date": null, "slug": "practical-hunting-exercise", "available": false, "value": 40}, "model": "main.assessment"}, {"pk": 2, "fields": {"max_word_count": null, "title": "Exam", "module": 1, "submission_date": null, "slug": "exam", "available": false, "value": 60}, "model": "main.assessment"}, {"pk": "bb23", "fields": {"first_name": "Bugs", "active": true, "exam_id": null, "is_part_time": false, "phone_number": "", "modules": [1], "notes": "", "year": 1, "lsp": "", "tier_4": false, "last_name": "Bunny", "home_address": "", "since": 2013, "nalp": false, "email": "bb23@acme.edu", "permanent_email": "", "course": 1, "qld": true, "address": "", "second_part_time_year": false, "achieved_degree": null}, "model": "main.student"}, {"pk": "bb42", "fields": {"first_name": "Beaky", "active": true, "exam_id": null, "is_part_time": false, "phone_number": "", "modules": [1], "notes": "", "year": 1, "lsp": "", "tier_4": false, "last_name": "Buzzard", "home_address": "", "since": 2013, "nalp": false, "email": "bb42@acme.edu", "permanent_email": "", "course": 2, "qld": true, "address": "", "second_part_time_year": false, "achieved_degree": null}, "model": "main.student"}, {"pk": "dd42", "fields": {"first_name": "Daffy", "active": true, "exam_id": null, "is_part_time": false, "phone_number": "", "modules": [1], "notes": "", "year": 1, "lsp": "", "tier_4": false, "last_name": "Duck", "home_address": "", "since": 2013, "nalp": false, "email": "dd42@acme.edu", "permanent_email": "", "course": 2, "qld": true, "address": "", "second_part_time_year": false, "achieved_degree": null}, "model": "main.student"}, {"pk": "fl23", "fields": {"first_name": "Foghorn", "active": true, "exam_id": null, "is_part_time": false, "phone_number": "", "modules": [1], "notes": "", "year": 1, "lsp": "", "tier_4": false, "last_name": "Leghorn", "home_address": "", "since": 2013, "nalp": false, "email": "fl23@acme.edu", "permanent_email": "", "course": 1, "qld": true, "address": "", "second_part_time_year": false, "achieved_degree": null}, "model": "main.student"}, {"pk": "hb23", "fields": {"first_name": "Hector", "active": true, "exam_id": null, "is_part_time": false, "phone_number": "", "modules": [1], "notes": "", "year": 1, "lsp": "", "tier_4": false, "last_name": "Bulldog", "home_address": "", "since": 2013, "nalp": false, "email": "hb23@acme.edu", "permanent_email": "", "course": 2, "qld": true, "address": "", "second_part_time_year": false, "achieved_degree": null}, "model": "main.student"}, {"pk": "plp23", "fields": {"first_name": "Pepe", "active": true, "exam_id": null, "is_part_time": true, "phone_number": "", "modules": [1], "notes": "", "year": 1, "lsp": "", "tier_4": false, "last_name": "Le Pew", "home_address": "", "since": 2013, "nalp": false, "email": "plp23@acme.edu", "permanent_email": "", "course": 1, "qld": true, "address": "", "second_part_time_year": false, "achieved_degree": null}, "model": "main.student"}, {"pk": "pp23", "fields": {"first_name": "Porky", "active": true, "exam_id": null, "is_part_time": false, "phone_number": "", "modules": [1], "notes": "", "year": 1, "lsp": "", "tier_4": false, "last_name": "Pig", "home_address": "", "since": 2013, "nalp": false, "email": "pp23@acme.edu", "permanent_email": "", "course": 1, "qld": true, "address": "", "second_part_time_year": false, "achieved_degree": null}, "model": "main.student"}, {"pk": "pp42", "fields": {"first_name": "Petunia", "active": true, "exam_id": null, "is_part_time": false, "phone_number": "", "modules": [1], "notes": "", "year": 1, "lsp": "", "tier_4": false, "last_name": "Pig", "home_address": "", "since": 2013, "nalp": false, "email": "pp42@acme.edu", "permanent_email": "", "course": 1, "qld": true, "address": "", "second_part_time_year": false, "achieved_degree": null}, "model": "main.student"}, {"pk": "rr23", "fields": {"first_name": "Road", "active": true, "exam_id": null, "is_part_time": false, "phone_number": "", "modules": [1], "notes": "", "year": 1, "lsp": "", "tier_4": false, "last_name": "Runner", "home_address": "", "since": 2013, "nalp": false, "email": "rr23@acme.edu", "permanent_email": "", "course": 1, "qld": true, "address": "", "second_part_time_year": false, "achieved_degree": null}, "model": "main.student"}, {"pk": "rw23", "fields": {"first_name": "Ralph", "active": true, "exam_id": null, "is_part_time": false, "phone_number": "", "modules": [1], "notes": "", "year": 1, "lsp": "", "tier_4": false, "last_name": "Wolf", "home_address": "", "since": 2013, "nalp": false, "email": "rw23@acme.edu", "permanent_email": "", "course": 2, "qld": true, "address": "", "second_part_time_year": false, "achieved_degree": null}, "model": "main.student"}, {"pk": "sg23", "fields": {"first_name": "Speedy", "active": true, "exam_id": null, "is_part_time": false, "phone_number": "", "modules": [1], "notes": "", "year": 1, "lsp": "", "tier_4": true, "last_name": "Gonzales", "home_address": "", "since": 2013, "nalp": false, "email": "sg23@acme.edu", "permanent_email": "", "course": 1, "qld": true, "address": "", "second_part_time_year": false, "achieved_degree": null}, "model": "main.student"}, {"pk": "sr23", "fields": {"first_name": "Slowpoke", "active": true, "exam_id": null, "is_part_time": false, "phone_number": "", "modules": [1], "notes": "", "year": 1, "lsp": "", "tier_4": true, "last_name": "Rodriguez", "home_address": "", "since": null, "nalp": false, "email": "sp23@acme.edu", "permanent_email": "", "course": 1, "qld": true, "address": "", "second_part_time_year": false, "achieved_degree": null}, "model": "main.student"}, {"pk": "ss23", "fields": {"first_name": "Sam", "active": true, "exam_id": null, "is_part_time": false, "phone_number": "", "modules": [1], "notes": "", "year": 1, "lsp": "", "tier_4": false, "last_name": "Sheepdog", "home_address": "", "since": 2013, "nalp": false, "email": "ss23@acme.edu", "permanent_email": "", "course": 1, "qld": true, "address": "", "second_part_time_year": false, "achieved_degree": null}, "model": "main.student"}, {"pk": "stc23", "fields": {"first_name": "Sylvester", "active": true, "exam_id": null, "is_part_time": false, "phone_number": "", "modules": [1], "notes": "", "year": 1, "lsp": "", "tier_4": false, "last_name": "The Cat", "home_address": "", "since": 2013, "nalp": false, "email": "stc23@acme.edu", "permanent_email": "", "course": 2, "qld": true, "address": "", "second_part_time_year": false, "achieved_degree": null}, "model": "main.student"}, {"pk": "tb23", "fields": {"first_name": "Tweety", "active": true, "exam_id": null, "is_part_time": false, "phone_number": "", "modules": [1], "notes": "", "year": 1, "lsp": "", "tier_4": false, "last_name": "Bird", "home_address": "", "since": null, "nalp": false, "email": "tb23@acme.edu", "permanent_email": "", "course": 1, "qld": true, "address": "", "second_part_time_year": false, "achieved_degree": null}, "model": "main.student"}, {"pk": "td23", "fields": {"first_name": "Tasmanian", "active": true, "exam_id": null, "is_part_time": false, "phone_number": "", "modules": [1], "notes": "", "year": 1, "lsp": "", "tier_4": true, "last_name": "Devil", "home_address": "", "since": 2013, "nalp": false, "email": "td23@acme.edu", "permanent_email": "", "course": 2, "qld": true, "address": "", "second_part_time_year": false, "achieved_degree": null}, "model": "main.student"}, {"pk": "tsd42", "fields": {"first_name": "Tasmanian", "active": true, "exam_id": null, "is_part_time": false, "phone_number": "", "modules": [1], "notes": "", "year": 1, "lsp": "", "tier_4": true, "last_name": "She-Devil", "home_address": "", "since": 2013, "nalp": false, "email": "tsd42@acme.edu", "permanent_email": "", "course": 2, "qld": true, "address": "", "second_part_time_year": false, "achieved_degree": null}, "model": "main.student"}, {"pk": "wec42", "fields": {"first_name": "While E.", "active": true, "exam_id": null, "is_part_time": false, "phone_number": "", "modules": [1], "notes": "", "year": 1, "lsp": "", "tier_4": false, "last_name": "Coyote", "home_address": "", "since": 2013, "nalp": false, "email": "wec42@acme.edu", "permanent_email": "", "course": 2, "qld": true, "address": "", "second_part_time_year": false, "achieved_degree": null}, "model": "main.student"}, {"pk": 1, "fields": {"average": null, "student_year": null, "seminar_group": 1, "module": 1, "attendance": null, "student": "bb23", "real_average": null}, "model": "main.performance"}, {"pk": 2, "fields": {"average": null, "student_year": null, "seminar_group": 3, "module": 1, "attendance": null, "student": "dd42", "real_average": null}, "model": "main.performance"}, {"pk": 3, "fields": {"average": null, "student_year": null, "seminar_group": 2, "module": 1, "attendance": null, "student": "fl23", "real_average": null}, "model": "main.performance"}, {"pk": 4, "fields": {"average": null, "student_year": null, "seminar_group": 1, "module": 1, "attendance": null, "student": "pp23", "real_average": null}, "model": "main.performance"}, {"pk": 5, "fields": {"average": null, "student_year": null, "seminar_group": 1, "module": 1, "attendance": null, "student": "ss23", "real_average": null}, "model": "main.performance"}, {"pk": 6, "fields": {"average": null, "student_year": null, "seminar_group": 4, "module": 1, "attendance": null, "student": "wec42", "real_average": null}, "model": "main.performance"}, {"pk": 7, "fields": {"average": null, "student_year": null, "seminar_group": 3, "module": 1, "attendance": null, "student": "bb42", "real_average": null}, "model": "main.performance"}, {"pk": 8, "fields": {"average": null, "student_year": null, "seminar_group": 3, "module": 1, "attendance": null, "student": "hb23", "real_average": null}, "model": "main.performance"}, {"pk": 9, "fields": {"average": null, "student_year": null, "seminar_group": 3, "module": 1, "attendance": null, "student": "plp23", "real_average": null}, "model": "main.performance"}, {"pk": 10, "fields": {"average": null, "student_year": null, "seminar_group": 4, "module": 1, "attendance": null, "student": "rw23", "real_average": null}, "model": "main.performance"}, {"pk": 11, "fields": {"average": null, "student_year": null, "seminar_group": 2, "module": 1, "attendance": null, "student": "stc23", "real_average": null}, "model": "main.performance"}, {"pk": 12, "fields": {"average": null, "student_year": null, "seminar_group": 1, "module": 1, "attendance": null, "student": "td23", "real_average": null}, "model": "main.performance"}, {"pk": 13, "fields": {"average": null, "student_year": null, "seminar_group": 3, "module": 1, "attendance": null, "student": "tsd42", "real_average": null}, "model": "main.performance"}, {"pk": 14, "fields": {"average": null, "student_year": null, "seminar_group": 1, "module": 1, "attendance": null, "student": "tb23", "real_average": null}, "model": "main.performance"}, {"pk": 15, "fields": {"average": null, "student_year": null, "seminar_group": 2, "module": 1, "attendance": null, "student": "sr23", "real_average": null}, "model": "main.performance"}, {"pk": 16, "fields": {"average": null, "student_year": null, "seminar_group": 4, "module": 1, "attendance": null, "student": "sg23", "real_average": null}, "model": "main.performance"}, {"pk": 17, "fields": {"average": null, "student_year": null, "seminar_group": 2, "module": 1, "attendance": null, "student": "rr23", "real_average": null}, "model": "main.performance"}, {"pk": 18, "fields": {"average": null, "student_year": null, "seminar_group": 2, "module": 1, "attendance": null, "student": "pp42", "real_average": null}, "model": "main.performance"}, {"pk": 1, "fields": {"content_type": 1, "name": "Can add log entry", "codename": "add_logentry"}, "model": "auth.permission"}, {"pk": 2, "fields": {"content_type": 1, "name": "Can change log entry", "codename": "change_logentry"}, "model": "auth.permission"}, {"pk": 3, "fields": {"content_type": 1, "name": "Can delete log entry", "codename": "delete_logentry"}, "model": "auth.permission"}, {"pk": 4, "fields": {"content_type": 2, "name": "Can add permission", "codename": "add_permission"}, "model": "auth.permission"}, {"pk": 5, "fields": {"content_type": 2, "name": "Can change permission", "codename": "change_permission"}, "model": "auth.permission"}, {"pk": 6, "fields": {"content_type": 2, "name": "Can delete permission", "codename": "delete_permission"}, "model": "auth.permission"}, {"pk": 7, "fields": {"content_type": 3, "name": "Can add group", "codename": "add_group"}, "model": "auth.permission"}, {"pk": 8, "fields": {"content_type": 3, "name": "Can change group", "codename": "change_group"}, "model": "auth.permission"}, {"pk": 9, "fields": {"content_type": 3, "name": "Can delete group", "codename": "delete_group"}, "model": "auth.permission"}, {"pk": 10, "fields": {"content_type": 4, "name": "Can add user", "codename": "add_user"}, "model": "auth.permission"}, {"pk": 11, "fields": {"content_type": 4, "name": "Can change user", "codename": "change_user"}, "model": "auth.permission"}, {"pk": 12, "fields": {"content_type": 4, "name": "Can delete user", "codename": "delete_user"}, "model": "auth.permission"}, {"pk": 13, "fields": {"content_type": 5, "name": "Can add content type", "codename": "add_contenttype"}, "model": "auth.permission"}, {"pk": 14, "fields": {"content_type": 5, "name": "Can change content type", "codename": "change_contenttype"}, "model": "auth.permission"}, {"pk": 15, "fields": {"content_type": 5, "name": "Can delete content type", "codename": "delete_contenttype"}, "model": "auth.permission"}, {"pk": 16, "fields": {"content_type": 6, "name": "Can add session", "codename": "add_session"}, "model": "auth.permission"}, {"pk": 17, "fields": {"content_type": 6, "name": "Can change session", "codename": "change_session"}, "model": "auth.permission"}, {"pk": 18, "fields": {"content_type": 6, "name": "Can delete session", "codename": "delete_session"}, "model": "auth.permission"}, {"pk": 19, "fields": {"content_type": 7, "name": "Can add subject area", "codename": "add_subjectarea"}, "model": "auth.permission"}, {"pk": 20, "fields": {"content_type": 7, "name": "Can change subject area", "codename": "change_subjectarea"}, "model": "auth.permission"}, {"pk": 21, "fields": {"content_type": 7, "name": "Can delete subject area", "codename": "delete_subjectarea"}, "model": "auth.permission"}, {"pk": 22, "fields": {"content_type": 8, "name": "Can add course", "codename": "add_course"}, "model": "auth.permission"}, {"pk": 23, "fields": {"content_type": 8, "name": "Can change course", "codename": "change_course"}, "model": "auth.permission"}, {"pk": 24, "fields": {"content_type": 8, "name": "Can delete course", "codename": "delete_course"}, "model": "auth.permission"}, {"pk": 25, "fields": {"content_type": 9, "name": "Can add module", "codename": "add_module"}, "model": "auth.permission"}, {"pk": 26, "fields": {"content_type": 9, "name": "Can change module", "codename": "change_module"}, "model": "auth.permission"}, {"pk": 27, "fields": {"content_type": 9, "name": "Can delete module", "codename": "delete_module"}, "model": "auth.permission"}, {"pk": 28, "fields": {"content_type": 10, "name": "Can add assessment", "codename": "add_assessment"}, "model": "auth.permission"}, {"pk": 29, "fields": {"content_type": 10, "name": "Can change assessment", "codename": "change_assessment"}, "model": "auth.permission"}, {"pk": 30, "fields": {"content_type": 10, "name": "Can delete assessment", "codename": "delete_assessment"}, "model": "auth.permission"}, {"pk": 31, "fields": {"content_type": 11, "name": "Can add student", "codename": "add_student"}, "model": "auth.permission"}, {"pk": 32, "fields": {"content_type": 11, "name": "Can change student", "codename": "change_student"}, "model": "auth.permission"}, {"pk": 33, "fields": {"content_type": 11, "name": "Can delete student", "codename": "delete_student"}, "model": "auth.permission"}, {"pk": 34, "fields": {"content_type": 12, "name": "Can add performance", "codename": "add_performance"}, "model": "auth.permission"}, {"pk": 35, "fields": {"content_type": 12, "name": "Can change performance", "codename": "change_performance"}, "model": "auth.permission"}, {"pk": 36, "fields": {"content_type": 12, "name": "Can delete performance", "codename": "delete_performance"}, "model": "auth.permission"}, {"pk": 37, "fields": {"content_type": 13, "name": "Can add assessment result", "codename": "add_assessmentresult"}, "model": "auth.permission"}, {"pk": 38, "fields": {"content_type": 13, "name": "Can change assessment result", "codename": "change_assessmentresult"}, "model": "auth.permission"}, {"pk": 39, "fields": {"content_type": 13, "name": "Can delete assessment result", "codename": "delete_assessmentresult"}, "model": "auth.permission"}, {"pk": 40, "fields": {"content_type": 14, "name": "Can add settings", "codename": "add_settings"}, "model": "auth.permission"}, {"pk": 41, "fields": {"content_type": 14, "name": "Can change settings", "codename": "change_settings"}, "model": "auth.permission"}, {"pk": 42, "fields": {"content_type": 14, "name": "Can delete settings", "codename": "delete_settings"}, "model": "auth.permission"}]