[{"fields": {"app_label": "admin", "model": "logentry", "name": "log entry"}, "pk": 1, "model": "contenttypes.contenttype"}, {"fields": {"app_label": "auth", "model": "permission", "name": "permission"}, "pk": 2, "model": "contenttypes.contenttype"}, {"fields": {"app_label": "auth", "model": "group", "name": "group"}, "pk": 3, "model": "contenttypes.contenttype"}, {"fields": {"app_label": "auth", "model": "user", "name": "user"}, "pk": 4, "model": "contenttypes.contenttype"}, {"fields": {"app_label": "contenttypes", "model": "contenttype", "name": "content type"}, "pk": 5, "model": "contenttypes.contenttype"}, {"fields": {"app_label": "sessions", "model": "session", "name": "session"}, "pk": 6, "model": "contenttypes.contenttype"}, {"fields": {"app_label": "main", "model": "subjectarea", "name": "subject area"}, "pk": 7, "model": "contenttypes.contenttype"}, {"fields": {"app_label": "main", "model": "course", "name": "course"}, "pk": 8, "model": "contenttypes.contenttype"}, {"fields": {"app_label": "main", "model": "module", "name": "module"}, "pk": 9, "model": "contenttypes.contenttype"}, {"fields": {"app_label": "main", "model": "assessment", "name": "assessment"}, "pk": 10, "model": "contenttypes.contenttype"}, {"fields": {"app_label": "main", "model": "student", "name": "student"}, "pk": 11, "model": "contenttypes.contenttype"}, {"fields": {"app_label": "main", "model": "performance", "name": "performance"}, "pk": 12, "model": "contenttypes.contenttype"}, {"fields": {"app_label": "main", "model": "assessmentresult", "name": "assessment result"}, "pk": 13, "model": "contenttypes.contenttype"}, {"fields": {"app_label": "main", "model": "settings", "name": "settings"}, "pk": 14, "model": "contenttypes.contenttype"}, {"fields": {"app_label": "main", "model": "staff", "name": "staff"}, "pk": 15, "model": "contenttypes.contenttype"}, {"fields": {"session_data": "NzUwOGNjYzc2NTc0M2UxODAyMjAxNWNjMGMxOTY5ZTdmNzc3MDljNDp7Il9hdXRoX3VzZXJfaWQiOjQsIl9hdXRoX3VzZXJfYmFja2VuZCI6ImRqYW5nby5jb250cmliLmF1dGguYmFja2VuZHMuTW9kZWxCYWNrZW5kIn0=", "expire_date": "2014-09-16T08:30:24.129Z"}, "pk": "ph9gph401c0ms6cez0nxvsqfx7s20qt2", "model": "sessions.session"}, {"fields": {"value": "2013", "name": "current_year"}, "pk": 1, "model": "main.settings"}, {"fields": {"name": "Cartoon Studies"}, "pk": 1, "model": "main.subjectarea"}, {"fields": {"name": "Evil Plotting"}, "pk": 2, "model": "main.subjectarea"}, {"fields": {"subject_areas": [1], "short_title": "Cartoon Studies", "title": "BA in Cartoon Studies"}, "pk": 1, "model": "main.course"}, {"fields": {"subject_areas": [1, 2], "short_title": "Cartoon Studies / Evil Plotting", "title": "BA in Cartoon Studies with Evil Plotting"}, "pk": 2, "model": "main.course"}, {"fields": {"no_teaching_in": "9", "year": 2013, "code": "hp23", "subject_areas": [1], "last_session": 15, "sessions_recorded": null, "first_session": 5, "credits": 20, "foundational": false, "eligible": "1", "nalp": false, "title": "Hunting Practice"}, "pk": 1, "model": "main.module"}, {"fields": {"slug": "practical-hunting-exercise", "available": false, "submission_date": null, "module": 1, "max_word_count": null, "value": 40, "title": "Practical Hunting Exercise"}, "pk": 1, "model": "main.assessment"}, {"fields": {"slug": "exam", "available": false, "submission_date": null, "module": 1, "max_word_count": null, "value": 60, "title": "Exam"}, "pk": 2, "model": "main.assessment"}, {"fields": {"exam_id": null, "year": 1, "home_address": "", "second_part_time_year": false, "since": 2013, "modules": [1], "course": 1, "last_name": "Bunny", "address": "", "is_part_time": false, "active": true, "phone_number": "", "notes": "", "achieved_degree": null, "email": "bb23@acme.edu", "qld": true, "permanent_email": "", "first_name": "Bugs", "lsp": "", "tier_4": false, "nalp": false}, "pk": "bb23", "model": "main.student"}, {"fields": {"exam_id": null, "year": 1, "home_address": "", "second_part_time_year": false, "since": 2013, "modules": [1], "course": 2, "last_name": "Buzzard", "address": "", "is_part_time": false, "active": true, "phone_number": "", "notes": "", "achieved_degree": null, "email": "bb42@acme.edu", "qld": true, "permanent_email": "", "first_name": "Beaky", "lsp": "", "tier_4": false, "nalp": false}, "pk": "bb42", "model": "main.student"}, {"fields": {"exam_id": null, "year": 1, "home_address": "", "second_part_time_year": false, "since": 2013, "modules": [1], "course": 2, "last_name": "Duck", "address": "", "is_part_time": false, "active": true, "phone_number": "", "notes": "", "achieved_degree": null, "email": "dd42@acme.edu", "qld": true, "permanent_email": "", "first_name": "Daffy", "lsp": "", "tier_4": false, "nalp": false}, "pk": "dd42", "model": "main.student"}, {"fields": {"exam_id": null, "year": 1, "home_address": "", "second_part_time_year": false, "since": 2013, "modules": [1], "course": 1, "last_name": "Leghorn", "address": "", "is_part_time": false, "active": true, "phone_number": "", "notes": "", "achieved_degree": null, "email": "fl23@acme.edu", "qld": true, "permanent_email": "", "first_name": "Foghorn", "lsp": "", "tier_4": false, "nalp": false}, "pk": "fl23", "model": "main.student"}, {"fields": {"exam_id": null, "year": 1, "home_address": "", "second_part_time_year": false, "since": 2013, "modules": [1], "course": 2, "last_name": "Bulldog", "address": "", "is_part_time": false, "active": true, "phone_number": "", "notes": "", "achieved_degree": null, "email": "hb23@acme.edu", "qld": true, "permanent_email": "", "first_name": "Hector", "lsp": "", "tier_4": false, "nalp": false}, "pk": "hb23", "model": "main.student"}, {"fields": {"exam_id": null, "year": 1, "home_address": "", "second_part_time_year": false, "since": 2013, "modules": [1], "course": 1, "last_name": "Le Pew", "address": "", "is_part_time": true, "active": true, "phone_number": "", "notes": "", "achieved_degree": null, "email": "plp23@acme.edu", "qld": true, "permanent_email": "", "first_name": "Pepe", "lsp": "", "tier_4": false, "nalp": false}, "pk": "plp23", "model": "main.student"}, {"fields": {"exam_id": null, "year": 1, "home_address": "", "second_part_time_year": false, "since": 2013, "modules": [1], "course": 1, "last_name": "Pig", "address": "", "is_part_time": false, "active": true, "phone_number": "", "notes": "", "achieved_degree": null, "email": "pp23@acme.edu", "qld": true, "permanent_email": "", "first_name": "Porky", "lsp": "", "tier_4": false, "nalp": false}, "pk": "pp23", "model": "main.student"}, {"fields": {"exam_id": null, "year": 1, "home_address": "", "second_part_time_year": false, "since": 2013, "modules": [1], "course": 1, "last_name": "Pig", "address": "", "is_part_time": false, "active": true, "phone_number": "", "notes": "", "achieved_degree": null, "email": "pp42@acme.edu", "qld": true, "permanent_email": "", "first_name": "Petunia", "lsp": "", "tier_4": false, "nalp": false}, "pk": "pp42", "model": "main.student"}, {"fields": {"exam_id": null, "year": 1, "home_address": "", "second_part_time_year": false, "since": 2013, "modules": [1], "course": 1, "last_name": "Runner", "address": "", "is_part_time": false, "active": true, "phone_number": "", "notes": "", "achieved_degree": null, "email": "rr23@acme.edu", "qld": true, "permanent_email": "", "first_name": "Road", "lsp": "", "tier_4": false, "nalp": false}, "pk": "rr23", "model": "main.student"}, {"fields": {"exam_id": null, "year": 1, "home_address": "", "second_part_time_year": false, "since": 2013, "modules": [1], "course": 2, "last_name": "Wolf", "address": "", "is_part_time": false, "active": true, "phone_number": "", "notes": "", "achieved_degree": null, "email": "rw23@acme.edu", "qld": true, "permanent_email": "", "first_name": "Ralph", "lsp": "", "tier_4": false, "nalp": false}, "pk": "rw23", "model": "main.student"}, {"fields": {"exam_id": null, "year": 1, "home_address": "", "second_part_time_year": false, "since": 2013, "modules": [1], "course": 1, "last_name": "Gonzales", "address": "", "is_part_time": false, "active": true, "phone_number": "", "notes": "", "achieved_degree": null, "email": "sg23@acme.edu", "qld": true, "permanent_email": "", "first_name": "Speedy", "lsp": "", "tier_4": true, "nalp": false}, "pk": "sg23", "model": "main.student"}, {"fields": {"exam_id": null, "year": 1, "home_address": "", "second_part_time_year": false, "since": null, "modules": [1], "course": 1, "last_name": "Rodriguez", "address": "", "is_part_time": false, "active": true, "phone_number": "", "notes": "", "achieved_degree": null, "email": "sp23@acme.edu", "qld": true, "permanent_email": "", "first_name": "Slowpoke", "lsp": "", "tier_4": true, "nalp": false}, "pk": "sr23", "model": "main.student"}, {"fields": {"exam_id": null, "year": 1, "home_address": "", "second_part_time_year": false, "since": 2013, "modules": [1], "course": 1, "last_name": "Sheepdog", "address": "", "is_part_time": false, "active": true, "phone_number": "", "notes": "", "achieved_degree": null, "email": "ss23@acme.edu", "qld": true, "permanent_email": "", "first_name": "Sam", "lsp": "", "tier_4": false, "nalp": false}, "pk": "ss23", "model": "main.student"}, {"fields": {"exam_id": null, "year": 1, "home_address": "", "second_part_time_year": false, "since": 2013, "modules": [1], "course": 2, "last_name": "The Cat", "address": "", "is_part_time": false, "active": true, "phone_number": "", "notes": "", "achieved_degree": null, "email": "stc23@acme.edu", "qld": true, "permanent_email": "", "first_name": "Sylvester", "lsp": "", "tier_4": false, "nalp": false}, "pk": "stc23", "model": "main.student"}, {"fields": {"exam_id": null, "year": 1, "home_address": "", "second_part_time_year": false, "since": null, "modules": [1], "course": 1, "last_name": "Bird", "address": "", "is_part_time": false, "active": true, "phone_number": "", "notes": "", "achieved_degree": null, "email": "tb23@acme.edu", "qld": true, "permanent_email": "", "first_name": "Tweety", "lsp": "", "tier_4": false, "nalp": false}, "pk": "tb23", "model": "main.student"}, {"fields": {"exam_id": null, "year": 1, "home_address": "", "second_part_time_year": false, "since": 2013, "modules": [1], "course": 2, "last_name": "Devil", "address": "", "is_part_time": false, "active": true, "phone_number": "", "notes": "", "achieved_degree": null, "email": "td23@acme.edu", "qld": true, "permanent_email": "", "first_name": "Tasmanian", "lsp": "", "tier_4": true, "nalp": false}, "pk": "td23", "model": "main.student"}, {"fields": {"exam_id": null, "year": 1, "home_address": "", "second_part_time_year": false, "since": 2013, "modules": [1], "course": 2, "last_name": "She-Devil", "address": "", "is_part_time": false, "active": true, "phone_number": "", "notes": "", "achieved_degree": null, "email": "tsd42@acme.edu", "qld": true, "permanent_email": "", "first_name": "Tasmanian", "lsp": "", "tier_4": true, "nalp": false}, "pk": "tsd42", "model": "main.student"}, {"fields": {"exam_id": null, "year": 1, "home_address": "", "second_part_time_year": false, "since": 2013, "modules": [1], "course": 2, "last_name": "Coyote", "address": "", "is_part_time": false, "active": true, "phone_number": "", "notes": "", "achieved_degree": null, "email": "wec42@acme.edu", "qld": true, "permanent_email": "", "first_name": "While E.", "lsp": "", "tier_4": false, "nalp": false}, "pk": "wec42", "model": "main.student"}, {"fields": {"student": "dd42", "seminar_group": 3, "real_average": null, "student_year": null, "attendance": null, "module": 1, "average": null}, "pk": 2, "model": "main.performance"}, {"fields": {"student": "fl23", "seminar_group": 2, "real_average": null, "student_year": null, "attendance": null, "module": 1, "average": null}, "pk": 3, "model": "main.performance"}, {"fields": {"student": "pp23", "seminar_group": 1, "real_average": null, "student_year": null, "attendance": null, "module": 1, "average": null}, "pk": 4, "model": "main.performance"}, {"fields": {"student": "ss23", "seminar_group": 1, "real_average": null, "student_year": null, "attendance": null, "module": 1, "average": null}, "pk": 5, "model": "main.performance"}, {"fields": {"student": "wec42", "seminar_group": 4, "real_average": null, "student_year": null, "attendance": null, "module": 1, "average": null}, "pk": 6, "model": "main.performance"}, {"fields": {"student": "bb42", "seminar_group": 3, "real_average": null, "student_year": null, "attendance": null, "module": 1, "average": null}, "pk": 7, "model": "main.performance"}, {"fields": {"student": "hb23", "seminar_group": 3, "real_average": null, "student_year": null, "attendance": null, "module": 1, "average": null}, "pk": 8, "model": "main.performance"}, {"fields": {"student": "plp23", "seminar_group": 3, "real_average": null, "student_year": null, "attendance": null, "module": 1, "average": null}, "pk": 9, "model": "main.performance"}, {"fields": {"student": "rw23", "seminar_group": 4, "real_average": null, "student_year": null, "attendance": null, "module": 1, "average": null}, "pk": 10, "model": "main.performance"}, {"fields": {"student": "stc23", "seminar_group": 2, "real_average": null, "student_year": null, "attendance": null, "module": 1, "average": null}, "pk": 11, "model": "main.performance"}, {"fields": {"student": "td23", "seminar_group": 1, "real_average": null, "student_year": null, "attendance": null, "module": 1, "average": null}, "pk": 12, "model": "main.performance"}, {"fields": {"student": "tsd42", "seminar_group": 3, "real_average": null, "student_year": null, "attendance": null, "module": 1, "average": null}, "pk": 13, "model": "main.performance"}, {"fields": {"student": "tb23", "seminar_group": 1, "real_average": null, "student_year": null, "attendance": null, "module": 1, "average": null}, "pk": 14, "model": "main.performance"}, {"fields": {"student": "sr23", "seminar_group": 2, "real_average": null, "student_year": null, "attendance": null, "module": 1, "average": null}, "pk": 15, "model": "main.performance"}, {"fields": {"student": "sg23", "seminar_group": 4, "real_average": null, "student_year": null, "attendance": null, "module": 1, "average": null}, "pk": 16, "model": "main.performance"}, {"fields": {"student": "rr23", "seminar_group": 2, "real_average": null, "student_year": null, "attendance": null, "module": 1, "average": null}, "pk": 17, "model": "main.performance"}, {"fields": {"student": "pp42", "seminar_group": 2, "real_average": null, "student_year": null, "attendance": null, "module": 1, "average": null}, "pk": 18, "model": "main.performance"}, {"fields": {"student": "bb23", "seminar_group": 1, "real_average": null, "student_year": null, "attendance": null, "module": 1, "average": null}, "pk": 19, "model": "main.performance"}, {"fields": {"codename": "add_logentry", "content_type": 1, "name": "Can add log entry"}, "pk": 1, "model": "auth.permission"}, {"fields": {"codename": "change_logentry", "content_type": 1, "name": "Can change log entry"}, "pk": 2, "model": "auth.permission"}, {"fields": {"codename": "delete_logentry", "content_type": 1, "name": "Can delete log entry"}, "pk": 3, "model": "auth.permission"}, {"fields": {"codename": "add_permission", "content_type": 2, "name": "Can add permission"}, "pk": 4, "model": "auth.permission"}, {"fields": {"codename": "change_permission", "content_type": 2, "name": "Can change permission"}, "pk": 5, "model": "auth.permission"}, {"fields": {"codename": "delete_permission", "content_type": 2, "name": "Can delete permission"}, "pk": 6, "model": "auth.permission"}, {"fields": {"codename": "add_group", "content_type": 3, "name": "Can add group"}, "pk": 7, "model": "auth.permission"}, {"fields": {"codename": "change_group", "content_type": 3, "name": "Can change group"}, "pk": 8, "model": "auth.permission"}, {"fields": {"codename": "delete_group", "content_type": 3, "name": "Can delete group"}, "pk": 9, "model": "auth.permission"}, {"fields": {"codename": "add_user", "content_type": 4, "name": "Can add user"}, "pk": 10, "model": "auth.permission"}, {"fields": {"codename": "change_user", "content_type": 4, "name": "Can change user"}, "pk": 11, "model": "auth.permission"}, {"fields": {"codename": "delete_user", "content_type": 4, "name": "Can delete user"}, "pk": 12, "model": "auth.permission"}, {"fields": {"codename": "add_contenttype", "content_type": 5, "name": "Can add content type"}, "pk": 13, "model": "auth.permission"}, {"fields": {"codename": "change_contenttype", "content_type": 5, "name": "Can change content type"}, "pk": 14, "model": "auth.permission"}, {"fields": {"codename": "delete_contenttype", "content_type": 5, "name": "Can delete content type"}, "pk": 15, "model": "auth.permission"}, {"fields": {"codename": "add_session", "content_type": 6, "name": "Can add session"}, "pk": 16, "model": "auth.permission"}, {"fields": {"codename": "change_session", "content_type": 6, "name": "Can change session"}, "pk": 17, "model": "auth.permission"}, {"fields": {"codename": "delete_session", "content_type": 6, "name": "Can delete session"}, "pk": 18, "model": "auth.permission"}, {"fields": {"codename": "add_subjectarea", "content_type": 7, "name": "Can add subject area"}, "pk": 19, "model": "auth.permission"}, {"fields": {"codename": "change_subjectarea", "content_type": 7, "name": "Can change subject area"}, "pk": 20, "model": "auth.permission"}, {"fields": {"codename": "delete_subjectarea", "content_type": 7, "name": "Can delete subject area"}, "pk": 21, "model": "auth.permission"}, {"fields": {"codename": "add_course", "content_type": 8, "name": "Can add course"}, "pk": 22, "model": "auth.permission"}, {"fields": {"codename": "change_course", "content_type": 8, "name": "Can change course"}, "pk": 23, "model": "auth.permission"}, {"fields": {"codename": "delete_course", "content_type": 8, "name": "Can delete course"}, "pk": 24, "model": "auth.permission"}, {"fields": {"codename": "add_module", "content_type": 9, "name": "Can add module"}, "pk": 25, "model": "auth.permission"}, {"fields": {"codename": "change_module", "content_type": 9, "name": "Can change module"}, "pk": 26, "model": "auth.permission"}, {"fields": {"codename": "delete_module", "content_type": 9, "name": "Can delete module"}, "pk": 27, "model": "auth.permission"}, {"fields": {"codename": "add_assessment", "content_type": 10, "name": "Can add assessment"}, "pk": 28, "model": "auth.permission"}, {"fields": {"codename": "change_assessment", "content_type": 10, "name": "Can change assessment"}, "pk": 29, "model": "auth.permission"}, {"fields": {"codename": "delete_assessment", "content_type": 10, "name": "Can delete assessment"}, "pk": 30, "model": "auth.permission"}, {"fields": {"codename": "add_student", "content_type": 11, "name": "Can add student"}, "pk": 31, "model": "auth.permission"}, {"fields": {"codename": "change_student", "content_type": 11, "name": "Can change student"}, "pk": 32, "model": "auth.permission"}, {"fields": {"codename": "delete_student", "content_type": 11, "name": "Can delete student"}, "pk": 33, "model": "auth.permission"}, {"fields": {"codename": "add_performance", "content_type": 12, "name": "Can add performance"}, "pk": 34, "model": "auth.permission"}, {"fields": {"codename": "change_performance", "content_type": 12, "name": "Can change performance"}, "pk": 35, "model": "auth.permission"}, {"fields": {"codename": "delete_performance", "content_type": 12, "name": "Can delete performance"}, "pk": 36, "model": "auth.permission"}, {"fields": {"codename": "add_assessmentresult", "content_type": 13, "name": "Can add assessment result"}, "pk": 37, "model": "auth.permission"}, {"fields": {"codename": "change_assessmentresult", "content_type": 13, "name": "Can change assessment result"}, "pk": 38, "model": "auth.permission"}, {"fields": {"codename": "delete_assessmentresult", "content_type": 13, "name": "Can delete assessment result"}, "pk": 39, "model": "auth.permission"}, {"fields": {"codename": "add_settings", "content_type": 14, "name": "Can add settings"}, "pk": 40, "model": "auth.permission"}, {"fields": {"codename": "change_settings", "content_type": 14, "name": "Can change settings"}, "pk": 41, "model": "auth.permission"}, {"fields": {"codename": "delete_settings", "content_type": 14, "name": "Can delete settings"}, "pk": 42, "model": "auth.permission"}, {"fields": {"codename": "add_staff", "content_type": 15, "name": "Can add staff"}, "pk": 43, "model": "auth.permission"}, {"fields": {"codename": "change_staff", "content_type": 15, "name": "Can change staff"}, "pk": 44, "model": "auth.permission"}, {"fields": {"codename": "delete_staff", "content_type": 15, "name": "Can delete staff"}, "pk": 45, "model": "auth.permission"}, {"fields": {"groups": [], "password": "pbkdf2_sha256$12000$S6dcMBmez4UV$UjzYBmEiWue4Hz1SQw+sJTD7AqJQs2wyutHVaOEiCU0=", "is_superuser": false, "user_permissions": [], "email": "c.m.jones@acme.edu", "last_name": "", "is_active": true, "is_staff": false, "date_joined": "2014-08-29T18:08:02.958Z", "last_login": "2014-08-29T18:08:02.958Z", "first_name": "", "username": "cmj1"}, "pk": 1, "model": "auth.user"}, {"fields": {"groups": [], "password": "pbkdf2_sha256$12000$bR5GRoDGNkmb$wKhwWZz/VEC7axvYrmZrB3bfc15w5P8rMfsdjun5x/8=", "is_superuser": false, "user_permissions": [], "email": "c.m.jones@acme.edu", "last_name": "Jones", "is_active": true, "is_staff": false, "date_joined": "2014-08-29T18:08:23.130Z", "last_login": "2014-08-29T18:08:23.130Z", "first_name": "Charles M", "username": "cmj2"}, "pk": 2, "model": "auth.user"}, {"fields": {"groups": [], "password": "pbkdf2_sha256$12000$z58CcWBllKGc$YyzqBnduDxa5BhiX9Z16MveI0MmaWJxdtIG6JWrLS64=", "is_superuser": false, "user_permissions": [], "email": "e.fudd@acme.edu", "last_name": "Fudd", "is_active": true, "is_staff": false, "date_joined": "2014-08-29T18:11:21.976Z", "last_login": "2014-08-29T18:11:21.976Z", "first_name": "Elmar", "username": "ef1"}, "pk": 3, "model": "auth.user"}, {"fields": {"groups": [], "password": "pbkdf2_sha256$12000$AOabPCKA9a6v$7jzU2YdgODAt07lI2a8kPLp4cn6gNEQNtiTsdw38lMg=", "is_superuser": false, "user_permissions": [], "email": "admin@acme.edu", "last_name": "Admin", "is_active": true, "is_staff": false, "date_joined": "2014-09-02T08:27:13.465Z", "last_login": "2014-09-02T08:30:24.101Z", "first_name": "Main", "username": "admin"}, "pk": 4, "model": "auth.user"}, {"fields": {"subject_areas": [1], "user": 2, "tutees": [], "programme_director": false, "main_admin": false, "role": "admin", "modules": [], "pastoral_care": false}, "pk": 1, "model": "main.staff"}, {"fields": {"subject_areas": [1], "user": 3, "tutees": [], "programme_director": false, "main_admin": false, "role": "teacher", "modules": [], "pastoral_care": false}, "pk": 2, "model": "main.staff"}, {"fields": {"subject_areas": [], "user": 4, "tutees": [], "programme_director": false, "main_admin": true, "role": "teacher", "modules": [], "pastoral_care": false}, "pk": 3, "model": "main.staff"}]