[{"fields": {"name": "log entry", "model": "logentry", "app_label": "admin"}, "pk": 1, "model": "contenttypes.contenttype"}, {"fields": {"name": "permission", "model": "permission", "app_label": "auth"}, "pk": 2, "model": "contenttypes.contenttype"}, {"fields": {"name": "group", "model": "group", "app_label": "auth"}, "pk": 3, "model": "contenttypes.contenttype"}, {"fields": {"name": "user", "model": "user", "app_label": "auth"}, "pk": 4, "model": "contenttypes.contenttype"}, {"fields": {"name": "content type", "model": "contenttype", "app_label": "contenttypes"}, "pk": 5, "model": "contenttypes.contenttype"}, {"fields": {"name": "session", "model": "session", "app_label": "sessions"}, "pk": 6, "model": "contenttypes.contenttype"}, {"fields": {"name": "subject area", "model": "subjectarea", "app_label": "main"}, "pk": 7, "model": "contenttypes.contenttype"}, {"fields": {"name": "course", "model": "course", "app_label": "main"}, "pk": 8, "model": "contenttypes.contenttype"}, {"fields": {"name": "module", "model": "module", "app_label": "main"}, "pk": 9, "model": "contenttypes.contenttype"}, {"fields": {"name": "assessment", "model": "assessment", "app_label": "main"}, "pk": 10, "model": "contenttypes.contenttype"}, {"fields": {"name": "student", "model": "student", "app_label": "main"}, "pk": 11, "model": "contenttypes.contenttype"}, {"fields": {"name": "performance", "model": "performance", "app_label": "main"}, "pk": 12, "model": "contenttypes.contenttype"}, {"fields": {"name": "assessment result", "model": "assessmentresult", "app_label": "main"}, "pk": 13, "model": "contenttypes.contenttype"}, {"fields": {"name": "settings", "model": "settings", "app_label": "main"}, "pk": 14, "model": "contenttypes.contenttype"}, {"fields": {"name": "staff", "model": "staff", "app_label": "main"}, "pk": 15, "model": "contenttypes.contenttype"}, {"fields": {"name": "data", "model": "data", "app_label": "main"}, "pk": 16, "model": "contenttypes.contenttype"}, {"fields": {"session_data": "YTA0ODAxMDA0NDE4ZjY4NzA2NzBjMmU4NDQwMmQwN2MzYzVlYTI0Mjp7Il9hdXRoX3VzZXJfYmFja2VuZCI6ImRqYW5nby5jb250cmliLmF1dGguYmFja2VuZHMuTW9kZWxCYWNrZW5kIiwiX2F1dGhfdXNlcl9pZCI6NCwiX2F1dGhfdXNlcl9oYXNoIjoiNWQ1YmI1MTBkYzI4MzNhZmQzNDQ2NzY0MGM4MTY1ZWM3YTdlNGIzZSJ9", "expire_date": "2014-09-19T14:04:38.279Z"}, "pk": "baqzpc0jodw8zxnf4cyc796xpbkh5be9", "model": "sessions.session"}, {"fields": {"session_data": "YTA0ODAxMDA0NDE4ZjY4NzA2NzBjMmU4NDQwMmQwN2MzYzVlYTI0Mjp7Il9hdXRoX3VzZXJfYmFja2VuZCI6ImRqYW5nby5jb250cmliLmF1dGguYmFja2VuZHMuTW9kZWxCYWNrZW5kIiwiX2F1dGhfdXNlcl9pZCI6NCwiX2F1dGhfdXNlcl9oYXNoIjoiNWQ1YmI1MTBkYzI4MzNhZmQzNDQ2NzY0MGM4MTY1ZWM3YTdlNGIzZSJ9", "expire_date": "2014-09-18T13:30:47.286Z"}, "pk": "nd772ip6xhupk1wihdzj38taw8uichcg", "model": "sessions.session"}, {"fields": {"session_data": "NzUwOGNjYzc2NTc0M2UxODAyMjAxNWNjMGMxOTY5ZTdmNzc3MDljNDp7Il9hdXRoX3VzZXJfaWQiOjQsIl9hdXRoX3VzZXJfYmFja2VuZCI6ImRqYW5nby5jb250cmliLmF1dGguYmFja2VuZHMuTW9kZWxCYWNrZW5kIn0=", "expire_date": "2014-09-16T08:33:18.116Z"}, "pk": "ph9gph401c0ms6cez0nxvsqfx7s20qt2", "model": "sessions.session"}, {"fields": {"value": "2013", "name": "current_year"}, "pk": 1, "model": "main.settings"}, {"fields": {"name": "Cartoon Studies"}, "pk": 1, "model": "main.subjectarea"}, {"fields": {"name": "Evil Plotting"}, "pk": 2, "model": "main.subjectarea"}, {"fields": {"short_title": "Cartoon Studies", "title": "BA in Cartoon Studies", "subject_areas": [1]}, "pk": 1, "model": "main.course"}, {"fields": {"short_title": "Cartoon Studies / Evil Plotting", "title": "BA in Cartoon Studies with Evil Plotting", "subject_areas": [1, 2]}, "pk": 2, "model": "main.course"}, {"fields": {"credits": 20, "nalp": false, "no_teaching_in": "9", "eligible": "1", "title": "Hunting Practice", "foundational": false, "sessions_recorded": null, "code": "hp23", "subject_areas": [1], "first_session": 5, "last_session": 15, "year": 2013}, "pk": 1, "model": "main.module"}, {"fields": {"slug": "practical-hunting-exercise", "submission_date": null, "title": "Practical Hunting Exercise", "module": 1, "available": false, "max_word_count": null, "value": 40}, "pk": 1, "model": "main.assessment"}, {"fields": {"slug": "exam", "submission_date": null, "title": "Exam", "module": 1, "available": false, "max_word_count": null, "value": 60}, "pk": 2, "model": "main.assessment"}, {"fields": {"nalp": false, "tier_4": false, "lsp": "", "address": "", "second_part_time_year": false, "modules": [1], "email": "bb23@acme.edu", "is_part_time": false, "home_address": "", "active": true, "exam_id": null, "last_name": "Bunny", "achieved_degree": null, "first_name": "Bugs", "notes": "", "qld": true, "phone_number": "", "permanent_email": "", "course": 1, "since": 2013, "year": 1}, "pk": "bb23", "model": "main.student"}, {"fields": {"nalp": false, "tier_4": false, "lsp": "", "address": "", "second_part_time_year": false, "modules": [1], "email": "bb42@acme.edu", "is_part_time": false, "home_address": "", "active": true, "exam_id": null, "last_name": "Buzzard", "achieved_degree": null, "first_name": "Beaky", "notes": "", "qld": true, "phone_number": "", "permanent_email": "", "course": 2, "since": 2013, "year": 1}, "pk": "bb42", "model": "main.student"}, {"fields": {"nalp": false, "tier_4": false, "lsp": "", "address": "", "second_part_time_year": false, "modules": [1], "email": "dd42@acme.edu", "is_part_time": false, "home_address": "", "active": true, "exam_id": null, "last_name": "Duck", "achieved_degree": null, "first_name": "Daffy", "notes": "", "qld": true, "phone_number": "", "permanent_email": "", "course": 2, "since": 2013, "year": 1}, "pk": "dd42", "model": "main.student"}, {"fields": {"nalp": false, "tier_4": false, "lsp": "", "address": "", "second_part_time_year": false, "modules": [1], "email": "fl23@acme.edu", "is_part_time": false, "home_address": "", "active": true, "exam_id": null, "last_name": "Leghorn", "achieved_degree": null, "first_name": "Foghorn", "notes": "", "qld": true, "phone_number": "", "permanent_email": "", "course": 1, "since": 2013, "year": 1}, "pk": "fl23", "model": "main.student"}, {"fields": {"nalp": false, "tier_4": false, "lsp": "", "address": "", "second_part_time_year": false, "modules": [1], "email": "hb23@acme.edu", "is_part_time": false, "home_address": "", "active": true, "exam_id": null, "last_name": "Bulldog", "achieved_degree": null, "first_name": "Hector", "notes": "", "qld": true, "phone_number": "", "permanent_email": "", "course": 2, "since": 2013, "year": 1}, "pk": "hb23", "model": "main.student"}, {"fields": {"nalp": false, "tier_4": false, "lsp": "", "address": "", "second_part_time_year": false, "modules": [1], "email": "plp23@acme.edu", "is_part_time": true, "home_address": "", "active": true, "exam_id": null, "last_name": "Le Pew", "achieved_degree": null, "first_name": "Pepe", "notes": "", "qld": true, "phone_number": "", "permanent_email": "", "course": 1, "since": 2013, "year": 1}, "pk": "plp23", "model": "main.student"}, {"fields": {"nalp": false, "tier_4": false, "lsp": "", "address": "", "second_part_time_year": false, "modules": [1], "email": "pp23@acme.edu", "is_part_time": false, "home_address": "", "active": true, "exam_id": null, "last_name": "Pig", "achieved_degree": null, "first_name": "Porky", "notes": "", "qld": true, "phone_number": "", "permanent_email": "", "course": 1, "since": 2013, "year": 1}, "pk": "pp23", "model": "main.student"}, {"fields": {"nalp": false, "tier_4": false, "lsp": "", "address": "", "second_part_time_year": false, "modules": [1], "email": "pp42@acme.edu", "is_part_time": false, "home_address": "", "active": true, "exam_id": null, "last_name": "Pig", "achieved_degree": null, "first_name": "Petunia", "notes": "", "qld": true, "phone_number": "", "permanent_email": "", "course": 1, "since": 2013, "year": 1}, "pk": "pp42", "model": "main.student"}, {"fields": {"nalp": false, "tier_4": false, "lsp": "", "address": "", "second_part_time_year": false, "modules": [1], "email": "rr23@acme.edu", "is_part_time": false, "home_address": "", "active": true, "exam_id": null, "last_name": "Runner", "achieved_degree": null, "first_name": "Road", "notes": "", "qld": true, "phone_number": "", "permanent_email": "", "course": 1, "since": 2013, "year": 1}, "pk": "rr23", "model": "main.student"}, {"fields": {"nalp": false, "tier_4": false, "lsp": "", "address": "", "second_part_time_year": false, "modules": [1], "email": "rw23@acme.edu", "is_part_time": false, "home_address": "", "active": true, "exam_id": null, "last_name": "Wolf", "achieved_degree": null, "first_name": "Ralph", "notes": "", "qld": true, "phone_number": "", "permanent_email": "", "course": 2, "since": 2013, "year": 1}, "pk": "rw23", "model": "main.student"}, {"fields": {"nalp": false, "tier_4": true, "lsp": "", "address": "", "second_part_time_year": false, "modules": [1], "email": "sg23@acme.edu", "is_part_time": false, "home_address": "", "active": true, "exam_id": null, "last_name": "Gonzales", "achieved_degree": null, "first_name": "Speedy", "notes": "", "qld": true, "phone_number": "", "permanent_email": "", "course": 1, "since": 2013, "year": 1}, "pk": "sg23", "model": "main.student"}, {"fields": {"nalp": false, "tier_4": true, "lsp": "", "address": "", "second_part_time_year": false, "modules": [1], "email": "sp23@acme.edu", "is_part_time": false, "home_address": "", "active": true, "exam_id": null, "last_name": "Rodriguez", "achieved_degree": null, "first_name": "Slowpoke", "notes": "", "qld": true, "phone_number": "", "permanent_email": "", "course": 1, "since": null, "year": 1}, "pk": "sr23", "model": "main.student"}, {"fields": {"nalp": false, "tier_4": false, "lsp": "", "address": "", "second_part_time_year": false, "modules": [1], "email": "ss23@acme.edu", "is_part_time": false, "home_address": "", "active": true, "exam_id": null, "last_name": "Sheepdog", "achieved_degree": null, "first_name": "Sam", "notes": "", "qld": true, "phone_number": "", "permanent_email": "", "course": 1, "since": 2013, "year": 1}, "pk": "ss23", "model": "main.student"}, {"fields": {"nalp": false, "tier_4": false, "lsp": "", "address": "", "second_part_time_year": false, "modules": [1], "email": "stc23@acme.edu", "is_part_time": false, "home_address": "", "active": true, "exam_id": null, "last_name": "The Cat", "achieved_degree": null, "first_name": "Sylvester", "notes": "", "qld": true, "phone_number": "", "permanent_email": "", "course": 2, "since": 2013, "year": 1}, "pk": "stc23", "model": "main.student"}, {"fields": {"nalp": false, "tier_4": false, "lsp": "", "address": "", "second_part_time_year": false, "modules": [1], "email": "tb23@acme.edu", "is_part_time": false, "home_address": "", "active": true, "exam_id": null, "last_name": "Bird", "achieved_degree": null, "first_name": "Tweety", "notes": "", "qld": true, "phone_number": "", "permanent_email": "", "course": 1, "since": null, "year": 1}, "pk": "tb23", "model": "main.student"}, {"fields": {"nalp": false, "tier_4": true, "lsp": "", "address": "", "second_part_time_year": false, "modules": [1], "email": "td23@acme.edu", "is_part_time": false, "home_address": "", "active": true, "exam_id": null, "last_name": "Devil", "achieved_degree": null, "first_name": "Tasmanian", "notes": "", "qld": true, "phone_number": "", "permanent_email": "", "course": 2, "since": 2013, "year": 1}, "pk": "td23", "model": "main.student"}, {"fields": {"nalp": false, "tier_4": true, "lsp": "", "address": "", "second_part_time_year": false, "modules": [1], "email": "tsd42@acme.edu", "is_part_time": false, "home_address": "", "active": true, "exam_id": null, "last_name": "She-Devil", "achieved_degree": null, "first_name": "Tasmanian", "notes": "", "qld": true, "phone_number": "", "permanent_email": "", "course": 2, "since": 2013, "year": 1}, "pk": "tsd42", "model": "main.student"}, {"fields": {"nalp": false, "tier_4": false, "lsp": "", "address": "", "second_part_time_year": false, "modules": [1], "email": "wec42@acme.edu", "is_part_time": false, "home_address": "", "active": true, "exam_id": null, "last_name": "Coyote", "achieved_degree": null, "first_name": "While E.", "notes": "", "qld": true, "phone_number": "", "permanent_email": "", "course": 2, "since": 2013, "year": 1}, "pk": "wec42", "model": "main.student"}, {"fields": {"average": null, "real_average": null, "student": "dd42", "attendance": null, "seminar_group": 3, "student_year": null, "module": 1}, "pk": 2, "model": "main.performance"}, {"fields": {"average": null, "real_average": null, "student": "fl23", "attendance": null, "seminar_group": 2, "student_year": null, "module": 1}, "pk": 3, "model": "main.performance"}, {"fields": {"average": null, "real_average": null, "student": "pp23", "attendance": null, "seminar_group": 1, "student_year": null, "module": 1}, "pk": 4, "model": "main.performance"}, {"fields": {"average": null, "real_average": null, "student": "ss23", "attendance": null, "seminar_group": 1, "student_year": null, "module": 1}, "pk": 5, "model": "main.performance"}, {"fields": {"average": null, "real_average": null, "student": "wec42", "attendance": null, "seminar_group": 4, "student_year": null, "module": 1}, "pk": 6, "model": "main.performance"}, {"fields": {"average": null, "real_average": null, "student": "bb42", "attendance": null, "seminar_group": 3, "student_year": null, "module": 1}, "pk": 7, "model": "main.performance"}, {"fields": {"average": null, "real_average": null, "student": "hb23", "attendance": null, "seminar_group": 3, "student_year": null, "module": 1}, "pk": 8, "model": "main.performance"}, {"fields": {"average": null, "real_average": null, "student": "plp23", "attendance": null, "seminar_group": 3, "student_year": null, "module": 1}, "pk": 9, "model": "main.performance"}, {"fields": {"average": null, "real_average": null, "student": "rw23", "attendance": null, "seminar_group": 4, "student_year": null, "module": 1}, "pk": 10, "model": "main.performance"}, {"fields": {"average": null, "real_average": null, "student": "stc23", "attendance": null, "seminar_group": 2, "student_year": null, "module": 1}, "pk": 11, "model": "main.performance"}, {"fields": {"average": null, "real_average": null, "student": "td23", "attendance": null, "seminar_group": 1, "student_year": null, "module": 1}, "pk": 12, "model": "main.performance"}, {"fields": {"average": null, "real_average": null, "student": "tsd42", "attendance": null, "seminar_group": 3, "student_year": null, "module": 1}, "pk": 13, "model": "main.performance"}, {"fields": {"average": null, "real_average": null, "student": "tb23", "attendance": null, "seminar_group": 1, "student_year": null, "module": 1}, "pk": 14, "model": "main.performance"}, {"fields": {"average": null, "real_average": null, "student": "sr23", "attendance": null, "seminar_group": 2, "student_year": null, "module": 1}, "pk": 15, "model": "main.performance"}, {"fields": {"average": null, "real_average": null, "student": "sg23", "attendance": null, "seminar_group": 4, "student_year": null, "module": 1}, "pk": 16, "model": "main.performance"}, {"fields": {"average": null, "real_average": null, "student": "rr23", "attendance": null, "seminar_group": 2, "student_year": null, "module": 1}, "pk": 17, "model": "main.performance"}, {"fields": {"average": null, "real_average": null, "student": "pp42", "attendance": null, "seminar_group": 2, "student_year": null, "module": 1}, "pk": 18, "model": "main.performance"}, {"fields": {"average": null, "real_average": null, "student": "bb23", "attendance": null, "seminar_group": 1, "student_year": null, "module": 1}, "pk": 19, "model": "main.performance"}, {"fields": {"codename": "add_logentry", "name": "Can add log entry", "content_type": 1}, "pk": 1, "model": "auth.permission"}, {"fields": {"codename": "change_logentry", "name": "Can change log entry", "content_type": 1}, "pk": 2, "model": "auth.permission"}, {"fields": {"codename": "delete_logentry", "name": "Can delete log entry", "content_type": 1}, "pk": 3, "model": "auth.permission"}, {"fields": {"codename": "add_permission", "name": "Can add permission", "content_type": 2}, "pk": 4, "model": "auth.permission"}, {"fields": {"codename": "change_permission", "name": "Can change permission", "content_type": 2}, "pk": 5, "model": "auth.permission"}, {"fields": {"codename": "delete_permission", "name": "Can delete permission", "content_type": 2}, "pk": 6, "model": "auth.permission"}, {"fields": {"codename": "add_group", "name": "Can add group", "content_type": 3}, "pk": 7, "model": "auth.permission"}, {"fields": {"codename": "change_group", "name": "Can change group", "content_type": 3}, "pk": 8, "model": "auth.permission"}, {"fields": {"codename": "delete_group", "name": "Can delete group", "content_type": 3}, "pk": 9, "model": "auth.permission"}, {"fields": {"codename": "add_user", "name": "Can add user", "content_type": 4}, "pk": 10, "model": "auth.permission"}, {"fields": {"codename": "change_user", "name": "Can change user", "content_type": 4}, "pk": 11, "model": "auth.permission"}, {"fields": {"codename": "delete_user", "name": "Can delete user", "content_type": 4}, "pk": 12, "model": "auth.permission"}, {"fields": {"codename": "add_contenttype", "name": "Can add content type", "content_type": 5}, "pk": 13, "model": "auth.permission"}, {"fields": {"codename": "change_contenttype", "name": "Can change content type", "content_type": 5}, "pk": 14, "model": "auth.permission"}, {"fields": {"codename": "delete_contenttype", "name": "Can delete content type", "content_type": 5}, "pk": 15, "model": "auth.permission"}, {"fields": {"codename": "add_session", "name": "Can add session", "content_type": 6}, "pk": 16, "model": "auth.permission"}, {"fields": {"codename": "change_session", "name": "Can change session", "content_type": 6}, "pk": 17, "model": "auth.permission"}, {"fields": {"codename": "delete_session", "name": "Can delete session", "content_type": 6}, "pk": 18, "model": "auth.permission"}, {"fields": {"codename": "add_subjectarea", "name": "Can add subject area", "content_type": 7}, "pk": 19, "model": "auth.permission"}, {"fields": {"codename": "change_subjectarea", "name": "Can change subject area", "content_type": 7}, "pk": 20, "model": "auth.permission"}, {"fields": {"codename": "delete_subjectarea", "name": "Can delete subject area", "content_type": 7}, "pk": 21, "model": "auth.permission"}, {"fields": {"codename": "add_course", "name": "Can add course", "content_type": 8}, "pk": 22, "model": "auth.permission"}, {"fields": {"codename": "change_course", "name": "Can change course", "content_type": 8}, "pk": 23, "model": "auth.permission"}, {"fields": {"codename": "delete_course", "name": "Can delete course", "content_type": 8}, "pk": 24, "model": "auth.permission"}, {"fields": {"codename": "add_module", "name": "Can add module", "content_type": 9}, "pk": 25, "model": "auth.permission"}, {"fields": {"codename": "change_module", "name": "Can change module", "content_type": 9}, "pk": 26, "model": "auth.permission"}, {"fields": {"codename": "delete_module", "name": "Can delete module", "content_type": 9}, "pk": 27, "model": "auth.permission"}, {"fields": {"codename": "add_assessment", "name": "Can add assessment", "content_type": 10}, "pk": 28, "model": "auth.permission"}, {"fields": {"codename": "change_assessment", "name": "Can change assessment", "content_type": 10}, "pk": 29, "model": "auth.permission"}, {"fields": {"codename": "delete_assessment", "name": "Can delete assessment", "content_type": 10}, "pk": 30, "model": "auth.permission"}, {"fields": {"codename": "add_student", "name": "Can add student", "content_type": 11}, "pk": 31, "model": "auth.permission"}, {"fields": {"codename": "change_student", "name": "Can change student", "content_type": 11}, "pk": 32, "model": "auth.permission"}, {"fields": {"codename": "delete_student", "name": "Can delete student", "content_type": 11}, "pk": 33, "model": "auth.permission"}, {"fields": {"codename": "add_performance", "name": "Can add performance", "content_type": 12}, "pk": 34, "model": "auth.permission"}, {"fields": {"codename": "change_performance", "name": "Can change performance", "content_type": 12}, "pk": 35, "model": "auth.permission"}, {"fields": {"codename": "delete_performance", "name": "Can delete performance", "content_type": 12}, "pk": 36, "model": "auth.permission"}, {"fields": {"codename": "add_assessmentresult", "name": "Can add assessment result", "content_type": 13}, "pk": 37, "model": "auth.permission"}, {"fields": {"codename": "change_assessmentresult", "name": "Can change assessment result", "content_type": 13}, "pk": 38, "model": "auth.permission"}, {"fields": {"codename": "delete_assessmentresult", "name": "Can delete assessment result", "content_type": 13}, "pk": 39, "model": "auth.permission"}, {"fields": {"codename": "add_settings", "name": "Can add settings", "content_type": 14}, "pk": 40, "model": "auth.permission"}, {"fields": {"codename": "change_settings", "name": "Can change settings", "content_type": 14}, "pk": 41, "model": "auth.permission"}, {"fields": {"codename": "delete_settings", "name": "Can delete settings", "content_type": 14}, "pk": 42, "model": "auth.permission"}, {"fields": {"codename": "add_staff", "name": "Can add staff", "content_type": 15}, "pk": 43, "model": "auth.permission"}, {"fields": {"codename": "change_staff", "name": "Can change staff", "content_type": 15}, "pk": 44, "model": "auth.permission"}, {"fields": {"codename": "delete_staff", "name": "Can delete staff", "content_type": 15}, "pk": 45, "model": "auth.permission"}, {"fields": {"codename": "add_data", "name": "Can add data", "content_type": 16}, "pk": 46, "model": "auth.permission"}, {"fields": {"codename": "change_data", "name": "Can change data", "content_type": 16}, "pk": 47, "model": "auth.permission"}, {"fields": {"codename": "delete_data", "name": "Can delete data", "content_type": 16}, "pk": 48, "model": "auth.permission"}, {"fields": {"is_superuser": false, "groups": [], "username": "cmj1", "is_active": true, "password": "pbkdf2_sha256$12000$S6dcMBmez4UV$UjzYBmEiWue4Hz1SQw+sJTD7AqJQs2wyutHVaOEiCU0=", "is_staff": false, "email": "c.m.jones@acme.edu", "last_login": "2014-08-29T18:08:02.958Z", "user_permissions": [], "last_name": "", "first_name": "", "date_joined": "2014-08-29T18:08:02.958Z"}, "pk": 1, "model": "auth.user"}, {"fields": {"is_superuser": false, "groups": [], "username": "cmj2", "is_active": true, "password": "pbkdf2_sha256$12000$bR5GRoDGNkmb$wKhwWZz/VEC7axvYrmZrB3bfc15w5P8rMfsdjun5x/8=", "is_staff": false, "email": "c.m.jones@acme.edu", "last_login": "2014-08-29T18:08:23.130Z", "user_permissions": [], "last_name": "Jones", "first_name": "Charles M", "date_joined": "2014-08-29T18:08:23.130Z"}, "pk": 2, "model": "auth.user"}, {"fields": {"is_superuser": false, "groups": [], "username": "ef1", "is_active": true, "password": "pbkdf2_sha256$12000$z58CcWBllKGc$YyzqBnduDxa5BhiX9Z16MveI0MmaWJxdtIG6JWrLS64=", "is_staff": false, "email": "e.fudd@acme.edu", "last_login": "2014-08-29T18:11:21.976Z", "user_permissions": [], "last_name": "Fudd", "first_name": "Elmar", "date_joined": "2014-08-29T18:11:21.976Z"}, "pk": 3, "model": "auth.user"}, {"fields": {"is_superuser": false, "groups": [], "username": "admin", "is_active": true, "password": "pbkdf2_sha256$12000$AOabPCKA9a6v$7jzU2YdgODAt07lI2a8kPLp4cn6gNEQNtiTsdw38lMg=", "is_staff": false, "email": "admin@acme.edu", "last_login": "2014-09-05T14:04:38.241Z", "user_permissions": [], "last_name": "Admin", "first_name": "Main", "date_joined": "2014-09-02T08:27:13.465Z"}, "pk": 4, "model": "auth.user"}, {"fields": {"subject_areas": [1], "main_admin": false, "programme_director": false, "tutees": [], "pastoral_care": false, "role": "admin", "modules": [], "user": 2}, "pk": 1, "model": "main.staff"}, {"fields": {"subject_areas": [1], "main_admin": false, "programme_director": false, "tutees": [], "pastoral_care": false, "role": "teacher", "modules": [], "user": 3}, "pk": 2, "model": "main.staff"}, {"fields": {"subject_areas": [], "main_admin": true, "programme_director": false, "tutees": [], "pastoral_care": false, "role": "admin", "modules": [], "user": 4}, "pk": 3, "model": "main.staff"}]